{"distance": [6307.851491559453, 11506.005867840673, 1374.6174422721922, 6373.65451461717, 132.23164101413042, 1155.2709602207199, 1655.364305586401, 1152.9556953046301, 6616.6905350111565, 1985.4976647849167, 1594.1162321069348, 4194.757223910423, 2869.422125261122, 3325.5144328737756, 4008.255475884332, 4140.375336323214, 3244.39705232373, 4623.217755561556, 3435.552763301518, 692.0201027129206, 1641.6759509577705, 5529.993567841936, 3115.6142199186907, 3223.6780156591562, 1353.557727767572, 1903.0634233050375, 1071.6538441432854, 1451.9602638934502, 12834.547062934987, 4562.005634923788, 9450.03669345806, 3103.686730357797, 3785.017861387564, 4059.54740364435, 1922.8856723944164, 1276.4791442536844, 3314.9400634622652, 7100.284160103524, 3175.896450855747, 3497.800052672709, 1349.5929411598418, 11237.511703141832, 2799.925772696305, 1999.1318950986715, 1785.751411750361, 792.222067013828, 5707.25333465837, 16096.171740661177, 1908.1393213506237, 399.1285550856588, 8208.069751080482], "slope": [11.115233515626398, 122.72790481962708, 4.757113590673323, 0.899627230439746, 33.14795840194625, 4.610716660403974, 1.7057810344055349, 12.158122092863099, 3.543918637008959, 13.314775997329269, 8.728917932054598, 6.0448371120003035, 5.064355563182263, 21.569681466222388, -14.980413729977725, -2.3959595410914565, -22.105196141592476, 5.973688796617519, 5.373621791067633, -2.2634998544386478, -21.198144468991096, 20.817358983389507, -16.419345032266758, -4.039871204792602, -14.208841906079902, -34.111761354475924, 17.735315213145046, -2.2440016913627816, 35.91090053450709, -17.31922090562092, 3906.7328982520385, -19.36131420246701, -18.391183981869137, 41.77916220471022, 12.954456259144097, 8.20633652593386, -15.612674070533508, 0.4392223160639742, -213.57234454172323, -3.1635138051565526, -7.203070621275701, 61.13702967864976, -3.303018030171855, -3.996442406602994, -21.528033391355322, 39.033414394752164, 22.676649100160244, 2.3747765299498056, 41.61788662299969, 9.34154030301541, -2.7253502222844492], "time": [86.66666666666667, 109.88333333333334, 72.5, 261.1666666666667, 3.433333333333333, 16.15, 26.833333333333332, 77.5, 250.85, 29.183333333333334, 26.216666666666665, 92.81666666666666, 53.81666666666667, 88.0, 179.5, 261.1666666666667, 86.5, 67.13333333333334, 261.1666666666667, 9.216666666666667, 22.833333333333332, 134.98333333333332, 52.96666666666667, 87.63333333333334, 28.5, 39.95, 44.029016666666664, 26.0, 126.68333333333334, 106.0, 186.91666666666666, 44.1, 43.71666666666667, 196.56666666666666, 29.183333333333334, 31.3, 79.7, 175.51666666666668, 76.18333333333334, 98.4, 19.283333333333335, 241.7, 40.833333333333336, 26.833333333333332, 35.016666666666666, 32.3, 298.01666666666665, 390.28333333333336, 39.25, 12.516666666666667, 210.76666666666668], "ascent": [572.7994384980004, 4746.632999999993, 80.74999999999977, 1333.6999999999985, 38.868854123600386, 54.320000000000164, 86.60107422999863, 70.20000000000027, 1481.2999999999984, 269.0, 220.4815403095597, 221.61999999999875, 203.83000000000038, 568.1300000000001, 25.479999999999563, 577.4999999999997, 14.400000000000091, 319.61999999999944, 384.9999999999999, 26.40002440000012, 54.20000000000027, 903.6300000000003, 144.31914242101402, 81.19999999999914, 30.769999999999982, 35.399536140000464, 137.5999999999999, 37.97999999999979, 4424.099000000016, 12.970000000000255, 453.672314453112, 15.800048829999923, 23.40014646999998, 750.2000732421875, 259.0, 156.19999999999982, 149.70382853663045, 396.19989013671875, 444.20007323000004, 258.800048828125, 119.0000000099999, 1333.1997071299993, 227.8000000000004, 92.39965820000043, 13.19970702000046, 242.5999755800001, 644.5599999999995, 985.8099999999981, 252.79992676999996, 40.36999999999966, 388.2001647949219], "descent": [135.5994262950004, 4072.0450000000046, 82.66999999999985, 1196.1000000000008, 1.3678345378605172, 4.330000000000155, 89.20104981999862, 66.83000000000038, 1343.6999999999985, 39.5, 91.27556707582971, 375.4299999999989, 308.62000000000035, 2.400000000000091, 586.8899999999994, 439.89999999999975, 598.4000000000001, 56.69999999999936, 247.39999999999998, 38.999999990000106, 354.7000000000003, 15.85000000000025, 619.1957556389291, 185.29999999999927, 191.30999999999995, 359.7995605500005, 5.599999999999909, 80.27999999999975, 5061.947000000007, 744.5400000000003, 1346.206298828112, 400.80010986699983, 477.80017088, 269.400146484375, 29.5, 54.779999999999745, 566.8267980789806, 358.9998779296875, 407.80004882000003, 41.5999755859375, 180.0000000099999, 701.1997681699992, 326.9000000000003, 111.99963378000052, 293.39965819000054, 4.4000244100000145, 646.4899999999996, 891.5999999999981, 40.99987794000003, 11.049999999999727, 388.4001770019531]}